filename,tempo,beats,chroma_stft,rmse,spectral_centroid,spectral_bandwidth,rolloff,zero_crossing_rate,mfcc1,mfcc2,mfcc3,mfcc4,mfcc5,mfcc6,mfcc7,mfcc8,mfcc9,mfcc10,mfcc11,mfcc12,mfcc13,mfcc14,mfcc15,mfcc16,mfcc17,mfcc18,mfcc19,mfcc20,label
pop.00024.au,117.4538352,57,0.410989904,0.207583755,3301.781785,3175.656592,7302.597509,0.144526715,-40.80206894,61.52205386,9.868217165,10.09792789,8.456292743,5.367917405,8.377962822,3.506943732,8.253806415,5.883242394,-0.101841643,-0.568772049,0.55244846,-1.981370704,1.915754841,0.076504635,-1.270495938,1.233082161,1.493699796,0.949930772,1
pop.00099.au,78.30255682,38,0.360462178,0.138194799,2765.747194,3222.713605,6873.391771,0.096014914,-119.3206051,85.94114184,33.88453558,9.990760184,17.69918952,0.516017799,9.563375375,-5.300429533,4.168148691,8.118336972,-7.978898374,1.566937881,-2.932391454,-1.609137583,-0.200545494,-2.429375871,1.207988352,5.848728713,1.609469056,7.580262695,1
pop.00009.au,107.6660156,50,0.454810239,0.15971148,3279.877315,3026.391118,6953.099622,0.172819439,-35.27702626,61.2421088,14.06668582,28.67101354,4.330268811,-1.355581231,-0.792499456,5.127177898,5.358480242,1.224072889,-7.257868852,-0.518890521,0.212918445,-1.294659907,-0.105625921,-1.245879009,-2.528455221,0.571032454,1.569433805,-1.724873286,1
pop.00078.au,103.359375,52,0.454697659,0.223418862,3124.17635,2970.320532,6618.134981,0.142720981,-42.75717862,62.79947416,4.760057478,24.06769133,9.642907182,-1.888094022,9.257872808,-2.969175177,3.182203526,5.934099101,-4.773777706,3.020176018,-1.242320524,-3.524068578,-0.325165272,-1.443293543,-1.864616843,-0.031306665,-0.729630786,-0.987610672,1
pop.00037.au,103.359375,51,0.451667678,0.24098517,3236.413205,2953.596262,6698.77616,0.164824778,4.821122585,64.49521533,-2.505614414,10.42144361,3.245571664,7.824909683,3.103712061,1.405170621,6.745286209,4.886029387,3.275973144,1.753351665,3.336132091,2.35230721,1.428844608,-0.6049255,-2.185690907,-1.602393507,-0.612145884,-4.050125851,1
pop.00036.au,99.38401442,46,0.394440883,0.2566109,2944.367954,3162.393034,6877.683412,0.115115328,-44.18485725,76.17580726,22.92103452,16.81438988,22.99748524,3.268826523,6.913425322,0.105603355,6.496770694,6.541495766,0.855912105,2.72638764,4.5178894,2.856290263,1.3227229,1.799120781,0.376890296,-1.123874406,-0.43859058,1.570071401,1
pop.00007.au,129.1992188,63,0.251576559,0.084313929,1968.420512,2326.83576,4127.150044,0.082344929,-224.4296477,107.3074776,-1.567652389,13.8696264,8.125008764,-9.374603422,8.123182373,9.292531251,9.099503579,6.026834618,-6.651410297,2.071808345,6.198722303,8.333521623,7.580191951,2.068624312,4.557361256,1.222659125,-1.639572826,-3.712766371,1
pop.00023.au,103.359375,48,0.393404337,0.210741922,3759.753679,3293.733613,7855.044168,0.177674285,-44.25750009,51.32967124,24.98978747,12.1567151,10.86781921,7.608527988,8.211717528,-0.770473012,5.949145451,4.762196372,-2.508047106,1.3219993,-1.94737502,-0.44846927,0.23397711,-2.005987821,-1.966860526,-1.036370286,0.514916085,-0.384857928,1
pop.00004.au,107.6660156,52,0.384337733,0.211233929,2753.175473,2861.39425,5986.147136,0.123763046,-20.88136497,83.23877764,5.044182194,16.37177845,9.408467688,-0.560448208,4.052641054,6.20768166,9.121805129,5.865313671,-3.505683604,-0.63743319,-3.172674818,1.544838235,-0.921805267,-2.961458631,-1.329165819,-0.867001617,0.697109594,-1.764897863,1
pop.00003.au,92.28515625,45,0.409987418,0.129400864,1837.123244,2066.889874,3670.894469,0.085351714,-125.8890498,126.6252017,-23.19081254,36.23005735,20.96378419,-1.179524026,16.48936327,-3.668060817,6.522495311,9.337331693,-6.408222328,3.883524577,-7.945908868,2.053949208,-2.3379388,-1.483330702,4.753721385,-3.514642095,4.89472446,-3.201469917,1
pop.00090.au,103.359375,51,0.353223448,0.194174677,3603.263862,3333.937799,7958.818541,0.147559954,-44.71935694,55.05249898,27.14790313,19.51993464,14.69798502,3.190842431,5.502853546,1.425077165,4.499592657,1.373947992,-1.658461644,-3.52324403,-7.913576246,-3.535418282,-8.203889181,-3.395385045,-2.661632032,4.292327345,1.35714901,-0.172958611,1
pop.00027.au,83.35433468,40,0.377453911,0.157971486,2682.72734,2924.215041,5957.305644,0.101914728,-75.34088861,83.33521833,10.70375925,14.45848252,14.24432699,7.404654192,5.277308599,-0.398119708,5.728664435,3.363038369,-2.523777652,-4.229316199,-1.841912562,-5.902045769,-1.270527083,-3.783235132,-2.867595538,-0.934220936,-1.110418346,-2.714974681,1
pop.00026.au,75.99954044,36,0.334941062,0.195700034,2525.971548,2848.668079,5554.558079,0.10354208,-73.33976878,97.46446316,16.87123296,-0.572976412,7.188893322,4.876618899,0.749484048,-5.546152608,0.998751528,4.925742872,-5.8295015,-4.917738469,-0.02635564,-3.043839908,-0.159194266,-2.382945182,0.721218138,0.683256819,1.969333768,0.805738334,1
pop.00067.au,112.3471467,56,0.447460702,0.191517293,3889.624969,3271.614422,8056.984614,0.191042307,-52.5179344,37.48890707,14.11627942,18.18039135,16.78120444,5.961240383,6.443281617,2.720166273,-0.436264381,3.222906127,-3.929148126,1.601806308,0.29740304,-0.161641667,-0.509791565,-1.545980394,2.074828373,1.220620365,4.581011691,1.637312275,1
pop.00006.au,92.28515625,42,0.374628812,0.093982719,2125.267705,2673.801946,4978.81156,0.067695358,-169.1222212,94.64831482,24.50824752,27.42090443,11.64434312,14.90893902,4.239871413,12.35982407,10.69687716,5.1298882,-0.332674759,1.254532533,-4.152501248,-3.128181545,0.295032237,-3.55159398,-2.806368261,-5.756840533,-5.214618398,-0.09605309,1
pop.00013.au,143.5546875,69,0.356269672,0.173117056,2149.835158,2917.446757,5223.143416,0.051659174,-161.6383018,85.56788685,53.28804555,32.21827598,27.19296132,11.3054976,7.90415417,8.768304789,1.260870217,13.21198658,0.074571971,4.824239032,3.093149104,2.344411876,3.683328028,-2.869112702,-2.613864426,-3.147565532,-1.187718941,-1.476909542,1
pop.00032.au,95.703125,47,0.426655385,0.097938277,4225.662023,3404.260172,8483.157037,0.228736712,-113.1412147,41.58772855,21.51819478,11.09242347,17.44112956,0.607630016,3.028749641,0.084071439,3.45690957,0.291262023,0.616375695,1.256651833,2.896105526,-0.767988705,0.222326868,-1.407112373,-0.760795311,-0.870708745,-1.539565117,1.06827277,1
pop.00072.au,117.4538352,54,0.480738272,0.234553069,2569.175433,2559.460151,5351.725972,0.131656422,9.699895805,88.82650405,-20.29504148,5.107098824,-2.91488792,-0.188422403,0.328302324,1.607003552,-2.260106754,-0.93969359,-6.208670766,-2.973092033,-1.813722109,-0.322956233,-1.345461785,-1.678959749,-0.183631298,1.719161418,-0.128783566,-3.899762164,1
pop.00002.au,83.35433468,41,0.417829752,0.215215042,3213.614161,3269.67527,7424.096774,0.118868518,-59.59367076,62.98097231,31.13754616,16.9362754,8.896950051,10.80246494,10.56423284,5.171701219,5.409763428,6.159843758,2.274726022,4.252082705,4.122022215,5.728729962,5.064749355,5.669533518,1.414350196,2.817745749,-1.401512879,-3.374992051,1
pop.00097.au,99.38401442,46,0.466947297,0.20426558,3510.03854,3310.263462,7587.279121,0.137248225,-125.5109402,51.19603275,38.51405185,14.48919591,16.23023558,4.63931684,12.30401292,1.170994371,1.725112767,9.771327482,-2.821460668,2.081616784,0.857126436,-0.500784416,1.343064366,-0.862455003,0.484692991,4.130048699,1.750837234,8.23601145,1
pop.00048.au,129.1992188,62,0.465028392,0.156534508,4052.820143,3426.204971,8382.199314,0.210714523,-52.62808749,47.77591855,13.45629019,2.221046264,13.25757398,9.135441325,14.44462704,0.872624403,9.461508633,7.006985731,-0.689854443,1.728957591,8.493653165,6.921493062,3.178398146,2.267859043,-0.89656183,2.038338485,2.286474048,3.472418362,1
pop.00046.au,117.4538352,57,0.414945558,0.203451738,2838.018095,3045.761495,6485.694115,0.122180289,-72.14885961,81.30890926,16.72724974,8.68073325,14.16456552,-1.045104729,12.84560228,-0.527690425,3.143502246,3.153879688,-3.475776848,-1.142359801,-0.688300941,-4.001556054,-1.089971109,1.779611285,3.495010257,5.907980275,6.344579254,2.445306413,1
pop.00015.au,103.359375,49,0.386799525,0.19620122,3207.178615,3125.904906,7019.815885,0.1415838,-45.72634729,65.27556962,12.9437546,14.51732054,7.018488101,4.408219774,6.613420836,3.296133161,7.733696399,4.057348213,3.65497373,2.603803742,4.057097154,2.399947665,1.787802613,-2.373341597,-1.344780663,-2.871424281,-0.84273886,-2.598197871,1
pop.00033.au,99.38401442,47,0.422916562,0.139985368,2835.031945,2731.743815,5944.989051,0.137062663,-68.97233134,73.77079519,-12.46850327,9.537783937,-0.042953341,12.7193529,3.164009191,-0.084577587,2.522769254,2.875912252,-1.671818595,-3.026064286,1.609468208,1.085335068,0.93658414,-0.411383156,-1.234190292,-0.756845671,-1.707274143,-1.046304883,1
pop.00062.au,161.4990234,79,0.329643212,0.398011863,2468.524671,2625.135158,5481.70852,0.098208779,-6.910643016,68.86966472,3.766723153,28.20585411,2.295240156,13.61896279,1.038283591,6.009476363,2.7595002,15.02686238,-8.785013004,0.795705177,-7.226571597,2.92042271,0.558214073,11.37352501,11.48999417,14.18365155,-0.920825208,0.812344822,1
pop.00068.au,129.1992188,63,0.407387401,0.24575837,3262.945937,2931.013876,6714.76773,0.155056508,-29.23253653,53.86708413,-1.699426579,15.50580468,1.088977769,0.544301963,4.901302296,-3.223621807,-1.691796268,2.233910114,-7.121918764,-5.989364384,-2.980837021,-3.797037839,-4.894411613,-6.723741434,-0.418447783,-4.012474949,4.379803912,4.461164126,1
pop.00020.au,107.6660156,53,0.412301995,0.24817577,3487.406797,3132.205993,7444.029987,0.179749858,13.56070142,58.19477969,-2.204879035,5.011280379,8.0748436,-0.48176302,4.100105579,2.255028879,4.29470843,3.591835698,-0.504307229,2.417479519,1.876715361,2.17273912,1.941475767,-0.174186445,-0.617565236,0.752135824,0.734160981,2.025039343,1
pop.00056.au,89.10290948,44,0.472957892,0.250021726,3681.043998,3221.525265,7565.82925,0.145624214,-80.41471233,35.95592246,20.39045734,26.37968647,17.38370554,4.59624486,13.50485405,3.623710218,7.32031225,5.479349833,3.961147162,5.323691854,3.545234839,0.51638051,0.187869891,-1.124468429,3.526941132,1.443394407,0.481279595,-1.794695291,1
pop.00074.au,83.35433468,40,0.349400802,0.210437223,3419.368447,3368.739507,7789.1279,0.130848037,-93.61515141,59.68892922,32.07971403,13.12477514,13.26612485,-6.870564151,2.337177877,-7.896366276,2.285898625,4.48469405,-4.039844721,2.674555308,-3.085623755,-5.751634509,-1.518937822,-1.188847699,-3.051285411,-1.085782424,2.389741115,4.761807338,1
pop.00044.au,117.4538352,58,0.456100272,0.222876295,3143.571032,3016.422649,6689.351217,0.135637502,-47.91194105,54.15833723,-4.004721419,21.51317286,13.88732798,6.003338838,13.75508571,1.068276558,6.724316327,6.234254653,1.624738159,0.456173961,2.41806049,-5.594561384,0.307423819,-1.002713672,0.641714221,1.260163697,2.082804513,3.034324575,1
pop.00017.au,107.6660156,54,0.435313578,0.143145129,2789.181562,2795.465796,6112.296373,0.126229773,-53.09501838,78.30760372,2.24825088,18.8382005,3.866141877,2.51526246,-3.799224445,6.814349944,-0.808941128,8.755645493,-4.799815518,-2.151328783,1.285613947,-1.745002163,-1.94181698,-1.588699861,2.630273021,2.429768583,4.025074969,3.918063484,1
pop.00053.au,161.4990234,75,0.277333643,0.172237575,2639.306631,2753.409623,5625.53265,0.107000865,-145.9112471,62.56109528,-23.10788096,-18.76846059,-14.7647371,-28.42454642,3.15734737,-24.94753743,-13.62810121,-4.61479236,-24.38719903,-15.80522719,-17.46542121,-11.69965455,-8.262591319,-13.84013667,-9.898051552,-11.97569802,-5.027522444,-2.899675867,1
pop.00092.au,107.6660156,54,0.473437842,0.227165535,3271.287004,2989.795399,6883.425044,0.145358909,-25.91711571,60.86746699,6.059362775,17.70805729,5.12730493,10.42638135,2.450536137,4.9240307,8.113389008,3.850873836,-0.187819716,7.257133688,4.952408529,0.926779883,-2.286662949,1.557090926,0.222647248,1.929687401,2.373883617,5.433611424,1
pop.00016.au,107.6660156,34,0.388642593,0.146607816,3490.338581,3205.795378,7499.379652,0.153415928,-96.9815958,51.78691379,18.73920029,20.48351766,5.611381479,3.574459352,5.573046127,0.734769183,7.335276797,1.655899403,-2.700783695,-0.442759757,-1.081164614,-3.453903395,-2.481181572,-3.307195848,-2.231455983,-2.641644305,-2.741851193,0.306848573,1
pop.00095.au,103.359375,51,0.36571245,0.30392015,3046.148817,3306.480614,7384.647013,0.106393537,-36.62272336,73.08217143,39.13350434,20.34182057,12.50460579,2.150093321,11.73991347,-2.424380062,6.652705074,3.179702597,-5.391147704,-3.15538665,-5.774647113,-7.68101022,-7.607765856,-6.850215716,-6.112240295,-1.564933661,2.133322433,-1.562206909,1
pop.00005.au,172.265625,81,0.323284637,0.139581069,2289.822524,2435.758719,4746.421299,0.106780533,-113.6165196,90.02956819,-5.535826878,25.59557656,2.616612456,3.185808684,1.134904196,6.138381442,2.802692223,-1.865761494,-7.130451126,-3.441160902,-5.912328093,-4.343137717,-4.946289047,-4.376622447,-3.313488924,-5.4414696,-0.57055941,-2.177703919,1
pop.00077.au,112.3471467,54,0.444621936,0.231090277,4037.059458,3342.385928,8331.391288,0.213925766,-34.1784985,40.39861915,17.50680066,13.42073358,13.243041,7.451864834,18.18723213,2.728705959,4.340482177,5.8245025,-1.126522268,3.108925615,2.412265683,-2.092411761,-1.28677293,0.154497271,2.340428529,4.335396401,2.142961824,2.938992823,1
pop.00047.au,112.3471467,53,0.433487158,0.215936884,3150.247439,3220.167078,7292.222572,0.127355239,-45.0550285,69.76529356,11.8741727,8.199661729,12.61483115,7.752066365,11.30296803,0.246545598,9.659887385,2.811097876,3.8576676,-0.837509669,2.121587532,1.126969251,0.007489694,0.762866139,-1.476881934,3.654367983,4.453744091,4.202001837,1
pop.00071.au,112.3471467,56,0.447460702,0.191517293,3889.624969,3271.614422,8056.984614,0.191042307,-52.5179344,37.48890707,14.11627942,18.18039135,16.78120444,5.961240383,6.443281617,2.720166273,-0.436264381,3.222906127,-3.929148126,1.601806308,0.29740304,-0.161641667,-0.509791565,-1.545980394,2.074828373,1.220620365,4.581011691,1.637312275,1
pop.00034.au,95.703125,47,0.340762924,0.18754752,3141.512515,3230.486779,7236.939573,0.131055519,-59.6066781,77.30586059,26.39099743,3.171963262,6.75511972,-0.057231574,-0.618301037,-0.693163154,4.142455662,-0.432851654,-4.539687216,-3.564523257,-2.207155929,-3.5686287,0.253641397,-4.672114836,-4.592618982,-3.731912258,-1.379972483,-0.844145057,1
pop.00087.au,103.359375,50,0.352268231,0.190992206,3587.403428,3336.238278,7946.976946,0.146478328,-47.02842387,55.77934372,27.6193112,19.1978565,15.18883485,3.174949354,5.625667104,1.610668047,4.149258703,1.622918123,-1.583767827,-3.003377344,-7.637129966,-3.844120175,-8.11639925,-3.369990781,-2.27028042,4.505538472,1.437673448,-0.385947127,1
pop.00019.au,92.28515625,46,0.376549245,0.211027116,3131.11811,2944.848512,6552.618711,0.156053478,-25.12641721,70.81415298,2.938197973,7.54991932,1.455322103,2.839986672,1.903799918,-6.82594635,0.295380151,-1.95213403,-6.651388275,-0.246652681,-0.757771454,-4.255635323,-2.442168893,-5.679861748,-1.574422099,0.670057941,1.690281447,0.78727724,1
pop.00061.au,95.703125,48,0.455513243,0.220844001,2949.223953,2908.897371,6067.779976,0.111951326,-65.15769427,65.47309369,4.124917795,32.74120879,16.91852213,-5.836126877,14.9616582,-0.246208687,9.035303931,8.440044015,-6.574475204,-4.483251172,-2.63012208,3.453014531,1.600880905,-0.696369942,3.205886414,1.047618438,-1.168049082,-4.721069908,1
pop.00076.au,215.3320313,109,0.475725552,0.245390952,3544.057943,3311.294354,7780.461286,0.142819242,-38.26625163,47.7987004,20.05059606,23.84601175,19.79624341,13.66519348,14.68585128,4.572708177,7.712964741,8.956256861,5.423140018,1.149261195,1.084459269,4.390892049,4.586980106,2.546482644,-0.25095111,4.624969625,3.012944119,-1.306720389,1
pop.00035.au,107.6660156,47,0.412095441,0.282645226,3194.109244,3052.840219,6993.491045,0.159379989,24.49084872,68.96283898,-4.211277635,-1.029356811,5.253344428,2.989242295,4.337648833,4.283515255,6.419133339,3.628522809,0.108143644,-0.008605363,2.069138326,1.552778416,4.000854849,2.817994988,2.201692964,1.577578963,-0.471415258,0.52710906,1
pop.00073.au,129.1992188,63,0.423459303,0.259873718,3671.164313,3295.5633,7879.03569,0.161897358,-8.508436112,54.25087055,20.96798392,13.1060763,9.725390896,6.011661762,10.71841019,6.103828772,0.697936717,5.003483769,-3.451763819,0.871043785,-1.940017225,-2.784899447,-2.675062861,-3.317282225,1.705886031,-0.149544337,4.846445471,2.909008097,1
pop.00030.au,95.703125,48,0.357725482,0.203197792,3070.583251,2975.861836,6652.934771,0.148739841,-18.14194121,72.29702024,-4.864360424,-0.357580854,1.699696227,-0.917456745,-1.322753838,-0.342442382,0.64784358,-0.179872607,-1.216197759,-1.056774566,2.520512237,1.247870615,1.754880666,-3.441155625,0.3960959,-0.851832025,0.924257949,1.66056218,1
pop.00079.au,112.3471467,53,0.351970834,0.037580468,1995.15338,2424.969478,4383.265162,0.07255096,-273.261025,103.1483733,8.724170149,31.70222251,12.51658385,3.49020856,3.938914364,-0.159552594,-3.915991461,3.237990965,-6.369431331,-1.535079501,-3.215407062,-6.779487466,-3.817403633,-6.237344182,-5.614314699,-4.016944339,-2.390410476,-3.084475717,1
pop.00041.au,107.6660156,52,0.282320519,0.083328091,2053.694268,2559.464985,4506.672749,0.075365757,-204.7403707,101.6104194,26.38241159,9.183023296,10.46271772,5.113366437,-9.445912706,9.311326091,-12.48679416,-2.491765457,6.213549583,-9.493982924,-2.557299116,-9.050025975,-10.18989846,-4.044200482,-7.752126552,-5.135800683,-1.835057206,-4.427985026,1
pop.00059.au,89.10290948,44,0.475360933,0.251932263,3727.466037,3223.791988,7633.162177,0.144787484,-77.93016037,32.35166449,20.07628449,27.63414433,16.26307918,5.321342564,13.48376501,3.502218408,7.340210338,5.269128079,4.002575049,5.274291338,3.755363275,0.783557496,0.399157866,-0.716445047,3.064025302,1.40627141,0.547048734,-1.901453737,1
pop.00011.au,184.5703125,85,0.225703182,0.055817354,2200.487385,2579.638044,4626.722023,0.087125324,-240.6507586,97.12591298,0.416789753,-0.262949445,-10.47495223,-15.73681016,1.396344788,-17.87414208,-9.088578425,-8.764897291,-14.26468453,-5.508787128,-8.373571861,-9.316733456,-3.170165815,1.760827828,1.582599533,5.623298922,4.959948232,3.727813267,1
pop.00050.au,143.5546875,69,0.413964561,0.208398566,3046.37243,3095.359022,6630.568239,0.118658013,-78.16869885,65.98213734,24.57276199,25.65057183,13.85544631,3.604993475,16.22876783,0.595951294,3.32832385,4.162308915,2.712432808,3.650224303,1.398107876,2.012231208,-1.805970746,-3.953113043,-0.948682361,-1.013680431,-0.465233275,-0.754062939,1
pop.00064.au,129.1992188,57,0.346523561,0.169149935,3647.815014,2886.664832,7112.748657,0.205950002,-88.42356621,34.33612537,-11.27971144,2.200331622,-4.857833613,-6.126402353,0.33328675,2.437544495,-8.184301093,5.634673527,-9.393244015,-7.359533993,-3.948139207,2.376556545,1.238861851,10.80624435,9.386409528,5.291311611,-2.938084673,-5.572601358,1
pop.00060.au,129.1992188,61,0.390383501,0.27367121,3498.337678,3295.496998,7664.586987,0.136022231,-46.67318619,55.87584285,26.1181547,16.54463716,7.105833216,-3.330783144,9.252730731,-0.871179144,8.314912311,7.151456352,-0.53294638,1.760181298,-1.825064164,5.208731644,-3.107580981,-0.867701622,-3.864749655,-2.347953921,-0.225690211,2.216953015,1
pop.00086.au,129.1992188,65,0.387726498,0.132528812,3594.152474,3170.85435,7634.403836,0.18523244,-50.42144345,56.41372237,12.56273459,11.28953515,-2.737635569,1.364932536,4.539498749,-0.963282658,2.289538063,2.739168881,-1.986759791,2.597376781,-4.018104505,0.685570782,-1.394876326,3.323455585,3.023511583,2.627072989,2.075447584,1.360680436,1
pop.00058.au,99.38401442,48,0.339969385,0.167455703,2940.015408,2629.444899,5750.59856,0.145754221,-87.69323678,64.31288272,-12.97324218,16.03379619,0.483866098,0.403707816,4.429798636,-2.723759818,-0.309070806,-0.046231401,-5.925004052,-4.268142915,-3.511451543,-4.634149651,-4.09450468,-3.3161081,0.215877675,2.705482324,2.489401698,0.217493238,1
pop.00083.au,123.046875,61,0.298155804,0.143023044,2489.444327,2941.876233,5976.730526,0.084295787,-104.45216,86.85921736,28.7606022,26.6257325,8.917396801,5.67090624,7.758617425,0.465446037,6.63358414,6.569747249,0.381364985,2.156199534,-0.013158166,-0.359525821,1.316182202,1.323693323,1.943215189,1.230169291,-0.117954169,0.842299886,1
pop.00057.au,103.359375,51,0.518460008,0.329432428,3672.655786,3279.755799,7783.661267,0.15406445,-39.67379932,33.94424006,9.61438674,16.67116117,14.90748251,11.18519043,21.48512079,9.877826994,14.73560019,15.63744016,2.050539628,2.589130849,0.356041254,1.640028503,6.935366697,8.246661705,9.377369129,6.966770179,1.491702994,-1.130943458,1
pop.00089.au,99.38401442,47,0.437182941,0.220592037,3401.022782,3070.292764,7052.249023,0.165738227,-47.65048978,55.54131279,19.18080884,24.48346898,4.039198008,1.543642973,6.967412894,-1.045609257,3.081907226,1.791971467,-3.038851952,1.932131565,-4.678811113,-2.519557071,-0.861675747,-2.286602646,-1.691283833,-3.230520464,2.614757342,1.894353725,1
pop.00018.au,123.046875,60,0.409979976,0.207528085,3433.78719,3405.605414,7932.260368,0.127734677,-48.94443759,62.64305906,34.2373264,12.31399878,16.5587846,8.617215417,8.764085301,5.237043817,6.792807438,9.065490964,-4.084446837,-0.746042331,-0.379075993,-0.478399356,0.647579998,1.71345442,1.353029058,1.909663208,3.84985091,1.613374181,1
pop.00069.au,107.6660156,53,0.49690024,0.215645954,2327.908733,2516.797862,4930.628518,0.095499423,-30.18539872,88.44838327,-6.585058583,32.79081117,8.5057705,8.3890179,2.041235295,6.863682429,3.577727577,2.721525527,1.294407862,3.29037135,1.566792093,2.376518283,2.525641441,1.098194064,-1.576874685,-0.263686731,0.112964283,0.41979842,1
pop.00031.au,95.703125,46,0.366029515,0.198457912,3111.032119,2992.183167,6745.192546,0.152910262,-18.82411107,71.32810797,-3.744787508,-1.39847662,0.709351908,-1.048737936,-1.05032945,-0.247986863,0.623990658,0.428642832,-1.489551142,-1.078318474,2.41678792,1.249662825,0.973585635,-3.588664044,0.891566348,-0.496659615,0.708363184,1.671123201,1
pop.00025.au,151.9990809,74,0.330303634,0.189702287,2928.600767,3201.011322,6817.100445,0.105740857,-106.8063974,81.01515095,47.82404963,13.63933909,13.0046656,6.901170671,7.588069945,-2.630359775,-2.498740372,1.870372015,-5.140556019,-2.742388537,-3.669066871,-7.882601077,-4.8040029,-6.377191501,-7.395842245,-4.73787447,-0.135728091,-2.333788865,1
pop.00080.au,112.3471467,54,0.433606797,0.215816468,3151.436898,3220.477371,7293.264232,0.12759749,-44.97146931,69.75642778,11.85624494,8.148978737,12.64139922,7.80338262,11.30186428,0.187610833,9.639653885,2.840807299,3.856645501,-0.840131651,2.136081544,1.091578956,-0.065219013,0.661127346,-1.46820555,3.723376671,4.538074347,4.257898915,1
pop.00021.au,99.38401442,50,0.50452474,0.193554893,3502.007013,3026.951667,7199.448133,0.187017766,-23.26118527,53.78940309,-0.652524237,14.75556437,4.867430758,6.729430034,4.85543072,4.944243496,4.261549107,3.11560014,2.552623357,2.986060075,4.635668122,2.850991382,2.178625082,1.069416202,-0.46791547,0.386565427,-1.175593113,0.549779045,1
pop.00008.au,172.265625,82,0.403854234,0.195515394,2885.067672,3009.821451,6430.411116,0.121303877,-52.50200875,74.0299146,12.75899565,24.49187156,21.0993863,1.909916832,6.796229226,4.728589442,8.408051925,8.245126565,-2.26852568,-1.207785988,-2.691103248,0.261203005,-1.059643537,-0.842507917,-1.249281602,-2.323700088,3.809957782,0.306751644,1
pop.00084.au,99.38401442,46,0.409124462,0.179449648,3262.545498,3046.902288,6828.042045,0.135866147,-112.3862539,59.74583111,14.49291659,19.19979121,15.12922113,-3.211730915,6.10944087,-6.670135952,1.463652101,-1.174000834,-1.208800053,-0.74070256,1.880871511,-0.701747366,-2.3008713,-3.492096642,-3.894060084,-3.386056664,-2.424496927,-2.087776688,1
pop.00093.au,135.9991776,61,0.415235227,0.245844692,3258.808953,3144.200076,7268.706047,0.131662469,-20.20250913,57.77476275,16.78096374,18.25586616,8.965176464,14.90943106,2.675024184,3.753781992,1.115545953,1.846650784,-5.980879777,-3.612873639,-3.653888153,0.908388426,-0.475935416,-0.402298197,-4.617828446,1.967841561,1.570463319,0.544526791,1
pop.00054.au,129.1992188,61,0.390383501,0.27367121,3498.337678,3295.496998,7664.586987,0.136022231,-46.67318619,55.87584285,26.1181547,16.54463716,7.105833216,-3.330783144,9.252730731,-0.871179144,8.314912311,7.151456352,-0.53294638,1.760181298,-1.825064164,5.208731644,-3.107580981,-0.867701622,-3.864749655,-2.347953921,-0.225690211,2.216953015,1
pop.00066.au,80.74951172,39,0.354089231,0.243337438,2843.994633,3219.123016,6839.308644,0.099746562,-63.61136526,79.04432585,42.74390749,16.09638887,15.26908688,10.79181918,13.31678176,3.684991728,4.9259182,10.67731381,-0.014186027,3.477209029,3.421097193,-2.448023833,0.854855234,-5.118147771,-4.297751934,-1.563483037,-0.060394597,2.660359669,1
pop.00043.au,135.9991776,64,0.473440013,0.254338086,2703.264814,2725.949613,5776.090073,0.103297183,-50.86476987,68.03775141,12.08074289,36.31648727,8.649356237,19.50448476,10.72299243,12.31331903,1.660600256,10.16269447,4.837101121,1.696545104,2.733722383,3.16846895,2.462940633,1.416127032,1.057520712,1.897548351,2.268619706,2.427428772,1
pop.00000.au,89.10290948,43,0.389655192,0.185918629,3421.99161,3409.820295,7953.285241,0.126766807,-94.52947692,55.65046544,29.27058921,27.06379551,20.07252484,1.170758792,12.95000686,-0.795763375,8.880045343,-0.675967799,-5.340660652,2.217485036,-4.618740244,-0.988773098,-1.492682612,3.131898451,2.524273295,4.109381257,9.176211822,4.733110616,1
pop.00051.au,112.3471467,53,0.447051236,0.213234439,4156.047953,3451.25477,8676.405868,0.230045094,-14.1432757,44.38958008,12.6821714,10.15280375,11.2598193,3.976514906,12.50923353,-2.17146981,10.70441754,2.284542857,5.032599066,-0.866477277,3.806728812,1.664475083,1.505237276,-0.19112389,-1.022329585,4.780416959,4.864114192,3.055193882,1
pop.00085.au,117.4538352,55,0.443711057,0.195364729,2516.610746,2465.673109,5087.469237,0.122096012,-81.77063767,78.59583588,-17.25791766,24.50818336,8.400408305,2.136848485,5.51344384,1.936168035,8.803093682,-0.123115725,0.498382474,4.658123467,2.40710993,5.516881993,0.622459841,-1.800065573,2.316440305,7.857251035,5.020961823,-3.324792442,1
pop.00001.au,107.6660156,53,0.412941359,0.26241371,3702.987869,3431.805841,8073.09285,0.14947642,-59.19768396,45.25197335,36.83773373,15.68174038,15.64353529,1.682025019,7.307880641,8.833310331,5.848405967,8.018320243,-2.257629073,1.909457353,-0.92084448,0.03296103,0.087092734,-0.832902418,5.581454527,3.830308377,5.577997563,4.921803786,1
pop.00091.au,117.4538352,57,0.424472554,0.265421897,3696.22514,3246.695112,7871.035738,0.166830057,-8.384623643,41.99815197,8.295316281,17.97697874,14.04518145,7.344525392,5.721310409,-1.902803675,4.603536063,2.075448887,-1.065354213,-0.656881304,-2.429781202,-1.472319212,-3.762977394,-1.658407149,-2.37902154,0.052522091,-0.98972103,-2.601742008,1
pop.00082.au,129.1992188,59,0.462111455,0.208017737,3168.240991,3341.553117,7555.262648,0.100339151,-62.01542054,64.23986637,29.87661966,23.25253301,16.25583892,7.445005327,8.875822387,6.410557675,7.399273105,3.022793278,1.489976272,2.973134094,1.855146536,0.540501378,-0.330382013,0.814297105,1.297213017,1.185008945,0.861764187,0.099745757,1
pop.00029.au,161.4990234,79,0.354725851,0.234200329,2988.833127,3143.055984,6919.441492,0.111570376,-40.49735473,73.47633181,22.62343778,12.35227424,14.85922489,8.943519647,5.305409918,9.02626676,2.087307986,4.300649996,-3.135577734,1.843104197,2.032260888,1.393087294,4.121322622,-0.356494992,-0.752612185,1.157183259,0.737947052,-0.044848767,1
pop.00081.au,143.5546875,70,0.369947695,0.092211835,2246.864022,2684.363815,5155.585492,0.086017243,-137.706949,100.248817,14.38380973,15.4064335,2.320806175,-1.080014668,-2.106343512,-1.686487321,-5.310508804,-1.784691587,1.749859922,-6.182716398,-3.034149098,-9.782683954,-6.665568512,-3.967849732,-10.1790551,-2.969740093,-3.572943074,-0.64925455,1
pop.00010.au,107.6660156,52,0.377997995,0.184063554,1901.306765,2420.845769,4192.116318,0.066217287,-111.1079725,103.1110034,10.8967256,34.34484906,22.3389971,17.87633564,6.807191147,6.336710374,5.485635898,0.621968608,0.333477244,3.818398098,2.03973062,-5.525052744,1.207869347,0.400201396,0.331008534,1.67511805,-4.055871896,-6.40256076,1
pop.00096.au,92.28515625,43,0.339956537,0.251243323,3126.533643,3162.743738,6931.233088,0.105345546,-59.09917572,60.97677259,27.7455948,23.8739611,12.29840752,7.371333087,12.3291052,7.163457371,13.43254671,2.496932086,-1.956466483,-2.403195813,-4.513486996,3.468000543,2.026163084,3.719552206,2.489373045,1.276358655,3.131913198,1.647611667,1
pop.00039.au,83.35433468,39,0.384183323,0.279797196,3934.491432,3509.578677,8525.190116,0.187178006,-19.45167659,51.92164376,37.00927183,13.11967707,14.59255948,3.206283963,15.29124759,-0.784598302,7.242264355,10.39560249,-0.373085285,6.231354151,-1.190154629,-2.124355108,-1.567464555,-0.764391312,0.032104054,2.832840605,0.821504085,1.863532108,1
pop.00088.au,99.38401442,49,0.431416635,0.235033959,3510.795237,3148.742937,7257.122784,0.172034107,-42.65950281,54.89109787,17.06776631,19.76750328,6.855518386,2.780959897,11.81872701,1.204243483,7.938465013,1.138006012,-4.07464963,0.133128712,-4.237504557,-4.456263893,-2.5124667,-2.891958286,0.62091949,0.900093146,2.309359304,1.926414319,1
pop.00052.au,103.359375,50,0.522647273,0.321614742,3662.94957,3276.425158,7776.827975,0.156007371,-39.99281417,35.55944144,8.924726342,15.0849566,15.2254979,10.57958154,21.83576887,10.0175322,13.98247798,16.57622222,1.467010039,3.269955814,0.070456494,0.960737404,7.645055083,7.631923739,9.409009888,6.590607222,1.179717085,-0.646148747,1
pop.00042.au,92.28515625,45,0.379610572,0.223497421,3002.674938,2972.79646,6446.044355,0.143747808,-37.05127809,68.83598721,10.51551507,23.96600727,15.37304398,3.545977816,11.67289244,2.914123376,2.556128297,4.760161796,-1.582470047,2.571584177,-1.015509804,-1.661475486,0.491462117,-2.829669245,-3.419461437,-4.106393678,-4.216180069,1.097399288,1
pop.00012.au,99.38401442,48,0.385689134,0.164213896,2679.302938,2661.809854,5533.833204,0.125934235,-50.83481697,80.22024509,-9.297169069,20.29716095,12.11189961,6.790799232,6.284705485,3.434932453,-3.957330639,2.573971391,-5.708435991,0.481314054,-0.577153334,-0.587279987,-3.39601149,-6.794487873,-5.526935532,-1.632317266,-1.60559998,-1.499167163,1
pop.00038.au,92.28515625,46,0.400378211,0.221886575,3267.381914,3014.385395,6921.091482,0.146523301,-15.67169677,59.27177095,-1.569674199,12.56599728,8.756464547,3.976748407,2.053631141,4.225693801,4.987077062,2.907050591,2.329736585,1.988151945,1.718815587,-1.548853077,-0.614748188,0.298278653,0.003478004,2.75896586,2.289220892,0.052968974,1
pop.00049.au,58.72691761,28,0.322574156,0.147505313,1987.886179,2579.98042,4265.432541,0.06614019,-170.8961532,105.9233707,31.05972594,22.22631276,12.81454406,-5.167868372,11.23615588,-2.105266593,-0.171760073,5.079205666,-11.54183207,-3.625053982,1.390879066,-6.636552693,-2.43174415,-7.378353618,-2.554521657,-1.712828476,-6.137887872,5.066749633,1
pop.00045.au,117.4538352,55,0.412824336,0.202349633,2842.621648,3039.1051,6479.244154,0.124989418,-71.58805623,81.11942999,16.35394492,8.94875033,13.8157114,-0.739810097,12.52038438,-0.641730606,3.040246853,3.053110589,-3.211378911,-1.316616521,-0.63771426,-4.003358799,-0.944199774,1.916623942,3.530265399,5.98714004,6.091284354,2.570870194,1
pop.00055.au,103.359375,51,0.432739978,0.240931034,3940.227263,3361.583072,8259.35839,0.167398837,-56.05951288,36.47521857,11.95613341,-6.431028272,3.787205421,5.293579547,3.405436285,4.276456502,8.001849955,5.866774932,1.596118358,4.860847666,0.495567737,2.511709772,0.278645443,-2.592300929,-1.42763512,-1.868151599,-5.389615518,-4.314298946,1
pop.00070.au,123.046875,60,0.437117259,0.167840868,3141.22314,2999.785093,6823.467073,0.136443997,-91.89172666,56.67405375,13.80342208,15.05804107,0.898541768,-4.074571515,-0.219691623,0.554131902,-4.615747491,-2.619092239,-2.752317701,-3.083434148,1.802604884,-0.95698423,1.394316734,0.910691722,1.063721214,0.908558685,3.306041218,0.236088105,1
pop.00065.au,117.4538352,56,0.345657972,0.133542344,2518.605605,2683.908303,5496.141766,0.100143385,-111.5865088,85.5774448,3.514314285,16.36402348,2.213792452,5.978947146,-5.049404798,-3.959064612,-0.089980987,1.57535092,-5.794849215,-5.087451108,-0.210607558,-4.41385176,-0.773094266,1.562544009,0.366293721,0.576817001,-0.690313538,-1.813701282,1
pop.00075.au,95.703125,46,0.409441701,0.185675859,3645.446488,3200.706542,7658.520357,0.159240534,-68.84007931,40.45129751,25.35256858,35.77086829,13.38899037,2.827992389,12.76108264,4.482108777,3.35752441,10.0296379,-2.374323148,2.997570125,-1.800796305,-3.383391667,-1.553399101,-1.664562675,-3.520960791,1.378907904,2.030344731,1.505849174,1
pop.00098.au,117.4538352,55,0.399895138,0.213083267,3634.050584,3134.249724,7534.687772,0.183105847,-26.90256966,46.71070727,8.701759855,8.60063954,6.090375903,12.42858014,6.957393982,2.503606791,1.160027861,7.259747771,-3.128959062,1.253731472,3.836709204,4.690395788,1.714553258,-0.98031277,-1.300123681,-2.68725476,-1.269860514,-2.485296434,1
pop.00022.au,103.359375,49,0.386877458,0.196151584,3206.27441,3126.232433,7019.59922,0.141539205,-45.69890613,65.27814219,12.93230213,14.5198434,7.043838182,4.401216759,6.637518633,3.304911553,7.733464615,4.071848499,3.672065366,2.609296509,4.047151078,2.385745872,1.77772823,-2.399718185,-1.34685284,-2.871836881,-0.84326713,-2.589876244,1
pop.00040.au,129.1992188,61,0.292246454,0.199324265,1962.325584,2325.329148,3821.21856,0.095811212,-76.89843066,113.2857536,-6.221458562,19.95033652,15.11797376,-3.288092188,4.792222511,1.018454407,2.294993944,-0.008487426,-3.762494169,4.243446446,2.292172337,-2.917451088,4.517388944,3.417325899,-0.542400255,-0.557600461,0.637496022,-2.00349969,1
pop.00094.au,151.9990809,75,0.333195898,0.198670357,2806.247388,2857.714955,6101.77977,0.128548353,-42.23769961,82.18145288,-2.252059767,19.91352957,13.86200585,0.867935486,7.923741314,-0.716034982,6.877683433,-1.907875402,-4.689052988,-3.169998136,-2.949468559,3.594148013,-0.08277577,1.582507272,0.84848609,-1.226169164,2.545904223,0.784717931,1
pop.00014.au,117.4538352,53,0.425849048,0.078058571,1997.776664,2291.111534,4139.074972,0.08806107,-135.302991,107.8317002,-13.45182199,19.02576999,8.79464259,12.49704746,1.028686022,11.31992383,2.54225964,1.226979591,-6.389409173,5.857896906,2.882746931,1.025984215,-1.773996128,-0.499376084,-1.075883341,-0.162500833,-0.894431322,-2.138145576,1
pop.00063.au,80.74951172,40,0.316733564,0.126168564,1826.511801,2294.438829,3796.293711,0.074646563,-125.9509569,117.3351127,-0.073296941,10.20683053,4.486650827,2.189495511,-3.632280446,3.378380315,1.7398548,4.553605561,0.845572037,2.424624092,-3.113300819,-2.835428817,-6.104109532,-5.264150133,-1.812658476,-3.217190291,1.265544107,5.800613919,1
pop.00028.au,99.38401442,50,0.349356643,0.194660082,2946.439032,3051.591696,6655.701421,0.121269864,-45.62187561,74.70714494,15.99084638,14.80467145,8.990110529,8.200909181,5.687393,5.255883109,5.390857175,2.435546098,0.783873046,1.180465627,-2.361314245,-2.952495549,-2.598061248,-2.705498704,-1.50540452,1.562470324,1.61822784,-0.00625811,1
classical.00091.au,92.28515625,44,0.223738306,0.044745713,2192.798091,1911.986037,4066.467077,0.152437854,-251.3134501,88.72515249,-41.76719192,37.91978423,-12.02397328,21.63785116,-5.854144967,25.7257307,-5.196482459,14.30096272,-7.56134484,10.4695011,-4.921158339,5.283192036,0.30772699,3.319732853,1.261332597,4.767062965,-2.076303123,1.128966959,0
classical.00037.au,161.4990234,65,0.284173046,0.041551378,1534.064978,1464.710723,2838.224504,0.093952191,-275.3462661,125.3112864,-41.04367076,24.59054022,-4.767962784,-4.266322341,-14.99946053,-5.051127747,-4.991537858,2.468480642,-10.88641918,-8.020301759,-5.15505972,-4.618426901,0.714934934,6.51770314,5.906553006,2.6838133,-2.032034931,-8.060385683,0
classical.00071.au,143.5546875,69,0.208112888,0.051705267,1396.824265,1574.218758,2615.059187,0.075857062,-269.6653552,136.4838676,-25.01260032,26.39067766,0.675732213,-5.381545124,-1.120897739,-1.510784726,-0.155944993,-3.779258283,-9.279790196,-3.146819148,1.640977603,0.676200734,1.898460689,2.231276731,-2.128317038,-3.663708599,-1.074119871,3.530190396,0
classical.00056.au,95.703125,43,0.312899541,0.189936608,1680.088264,1706.919816,3077.806389,0.096725795,-81.10374221,129.102791,-42.53853885,33.17805943,5.659307589,-6.40216612,-2.265059963,7.372704038,-18.71864119,2.500882521,3.786016018,1.934638398,-10.06649314,0.944549984,-3.573205836,-6.16834895,-8.033390851,3.77587471,-5.029608595,-0.853512484,0
classical.00047.au,123.046875,62,0.258572289,0.00949774,1173.658308,1517.285384,2082.504074,0.066325374,-436.8371648,154.1459674,-19.88185159,20.1942163,3.159222913,0.44480807,-6.536028794,-4.605622058,-10.06033707,-6.152646994,-4.532687773,-2.783274792,-5.234963212,-7.386918213,-6.992791793,-3.20048992,-0.358716479,2.217816996,2.568618353,4.471459545,0
classical.00078.au,67.99958882,24,0.225211979,0.006632959,715.1893205,1029.991545,1037.285394,0.041293401,-552.0640633,173.3987032,26.35576659,14.11461398,7.252555006,-7.087655383,-5.856010476,-10.34017308,-11.01861778,-9.193639101,-8.826016359,-4.9292071,-3.650469809,-4.280855956,-3.457496571,-4.820615504,-5.68252902,-6.550562825,-8.210965812,-6.453841243,0
classical.00019.au,95.703125,47,0.284017623,0.007993123,1184.632142,1525.044737,2289.452823,0.057591488,-475.8490664,141.5205827,-8.481039752,33.99667653,0.530630255,6.045521913,0.025261497,9.534500449,2.161829331,7.085843516,-8.051203531,-0.101292674,0.793869651,3.873308579,5.31376301,4.670820559,6.868613279,5.39176681,1.047285425,-6.492128113,0
classical.00017.au,89.10290948,43,0.256394968,0.037378151,1358.897903,1417.887433,2417.593714,0.081115534,-311.5393968,148.6832789,-33.48111774,10.32681581,-12.86201522,1.217720308,-12.89929527,0.798094591,-9.725869002,2.049695027,-5.10888361,6.745241277,4.605569851,3.764831715,1.275329034,1.243599762,-0.089598792,1.511762445,0.387477432,-3.00395469,0
classical.00006.au,99.38401442,47,0.261489298,0.033231888,1372.825807,1579.309887,2737.933444,0.072923217,-295.7028877,134.5350937,-22.44718383,40.74152709,-5.877058657,9.267068275,-11.86493893,6.293622881,-8.860720876,4.400859612,-9.373816673,4.062370393,1.628091568,5.138569878,5.442816459,2.28507817,-1.816667909,-2.923230178,0.1350349,3.197436359,0
classical.00098.au,184.5703125,94,0.289978727,0.029108962,1953.048534,1865.848758,3780.627139,0.123492451,-287.4953054,101.7361401,-35.37274331,41.28448857,-12.74725393,17.28848581,-13.97845943,16.31230359,-5.600776487,13.66430732,-8.791640442,-0.05494214,-13.77111585,6.479974693,6.705735029,6.984978393,7.033379494,8.39260955,-5.607799093,1.378890976,0
classical.00097.au,103.359375,50,0.222324061,0.036727086,1494.115744,1670.924448,2780.841518,0.085921249,-280.6950579,122.7286246,-14.38936307,26.85583571,1.356169664,5.990099161,-13.10404147,3.374500528,-11.54533976,5.199524576,-1.048746791,2.753912313,0.057280497,1.352473474,1.5121087,-2.217835447,0.780848535,-3.965543614,-9.139270548,-6.930954909,0
classical.00079.au,143.5546875,62,0.217626991,0.018847767,789.601607,897.9943189,1158.451328,0.052112308,-437.5572834,171.0271226,7.378997301,-3.129031471,0.791053816,-11.14040062,-12.52517013,-6.894892371,-5.841103854,-8.446661204,-8.470935072,-8.330275448,-7.373576593,-6.733350814,-6.086332232,-7.057519224,-6.649798075,-4.292587933,-4.405682415,-4.917366481,0
classical.00081.au,151.9990809,65,0.2669037,0.016525526,1213.872306,1539.55698,2163.528584,0.060558969,-374.7410914,153.8556579,-21.57473776,20.846503,7.006253364,-3.949142725,-2.522304903,-2.80880482,-4.284175825,-4.506857974,-5.767222891,-4.262547008,-3.843052932,-4.578050788,-3.634757618,-2.292484572,-3.136094292,-0.222148404,2.631096671,1.819158494,0
classical.00096.au,135.9991776,66,0.293142443,0.057000209,1932.858343,1740.355038,3573.061728,0.117520453,-203.5871576,111.1983304,-51.52694043,39.47595195,-10.54644104,11.89438008,-13.18036205,15.11290861,-7.285827781,13.36907158,-7.301339713,3.836546445,-3.773126956,5.291515766,4.111488129,6.639012662,2.993226936,3.539748568,-3.3613864,-3.682384277,0
classical.00028.au,161.4990234,76,0.26294719,0.062616818,1313.698893,1371.049973,2397.052172,0.081097771,-228.9171466,153.9831207,-30.68881557,20.80639676,-6.085672747,1.17441906,-10.7872979,-3.887584272,-11.5984857,0.883624413,-8.282285082,-0.724534358,-3.109804681,-3.437935265,-2.629029201,0.719195071,-1.973605979,-2.513512626,1.571475353,-1.484866681,0
classical.00025.au,129.1992188,65,0.297342448,0.064123116,1184.080387,1304.603804,2139.178731,0.068293994,-221.2628971,173.3370748,-37.46217676,24.36459344,-8.688421229,3.38808323,-12.84121281,1.083141844,-15.3285806,0.42499075,-9.622420323,2.298097657,-4.482634474,0.364165775,-1.487534152,1.811832793,0.228529111,-0.96671071,-0.487611878,-6.266113805,0
classical.00035.au,151.9990809,74,0.319262862,0.0405978,1016.27941,1151.881648,1823.680639,0.061154959,-319.7755586,166.0096191,-11.93308762,27.25413689,7.828892004,1.730611645,-7.856900669,-2.404760986,-2.90730729,-2.52171475,-11.36748204,-4.608424964,-4.492620457,-7.452209083,-5.582484896,-1.869691235,-1.280049004,-1.426752389,-0.487024891,-4.096601372,0
classical.00041.au,123.046875,55,0.268212987,0.021300973,1329.251894,1415.542891,2462.126779,0.078816984,-368.440892,124.27626,-31.57869191,17.614766,2.323812129,-5.951695107,-11.80854965,-5.548753636,-5.406486315,-1.304524334,-8.432322339,-3.618203414,2.203684784,-0.047955861,0.237254781,2.509610797,3.093510769,4.836786106,6.217569177,8.726848425,0
classical.00036.au,107.6660156,48,0.239282395,0.016010107,1281.770846,1502.895726,2440.360243,0.05941045,-419.2288967,127.4483482,-3.792735177,23.19407072,-4.338064134,4.040501794,-8.202417132,-7.616568385,-7.080099027,-2.92444675,-7.414776088,-5.439006483,-9.099890235,-10.61687817,-5.737674599,-0.3924866,7.027566634,5.593973824,-3.469120299,-5.166212583,0
classical.00043.au,129.1992188,55,0.190956714,0.115407556,1063.153306,1552.08904,1610.948592,0.051040886,-249.5338097,161.6055888,10.13459047,-3.079308748,-0.601394898,-2.076702907,-12.19037094,-8.603268701,-14.63880305,-12.05118951,-12.30646586,-7.175682071,-7.889322254,-2.082100293,-2.908613559,-0.859944471,-3.972877567,-0.883545258,-3.987475391,-3.885224839,0
classical.00089.au,99.38401442,45,0.217319909,0.035139497,2423.392871,1884.700007,4296.624019,0.166686445,-301.9122098,57.52900999,-59.132652,33.56534702,-20.88486834,17.7419663,-0.64348149,49.01888741,19.12920724,27.08637911,-17.64494647,-0.273833717,-3.749348521,18.16166343,9.959834067,11.60902519,11.27926645,15.37925721,-7.411045343,-5.853821257,0
classical.00024.au,151.9990809,75,0.253349534,0.066695653,1253.174116,1371.528234,2292.911135,0.071647715,-223.1329365,163.2403389,-34.40471485,24.17049715,-10.28918865,3.227833534,-12.86694534,0.795775178,-14.27435125,1.662018636,-10.1407872,0.246637806,-4.540335439,0.110148013,-2.866471867,1.34881249,-0.336784035,-1.059472976,-1.094790998,-8.060088906,0
classical.00044.au,80.74951172,39,0.252113219,0.017931728,1181.021586,1411.592641,2031.996046,0.071705538,-402.2155387,154.0391035,-15.21943208,15.30022989,-3.088477267,-3.190232483,-9.787203555,-17.31869014,-12.30777811,-7.907882621,-7.088667036,-0.284824816,1.55231395,-1.472115517,-1.741634931,1.851985607,5.03428546,-0.745425005,-0.136658924,-2.858921649,0
classical.00000.au,95.703125,45,0.252391077,0.03625489,1505.299012,1558.952849,2717.008571,0.09824506,-268.1559632,135.6895814,-34.07063305,25.63083214,-12.96951412,17.89194699,-9.996484513,5.628052619,-14.14241723,7.498352679,-3.961599946,8.26125604,-1.352933766,-0.382257282,1.031763534,3.807186985,-0.303796786,1.778556544,0.890327524,-0.837884128,0
classical.00083.au,117.4538352,46,0.244665823,0.041897476,852.9122973,997.1419965,1401.283193,0.050792966,-338.8257212,190.1980768,-16.32957459,3.691679011,-0.438978858,-8.89175613,-10.3860743,-16.37045926,-13.28748718,-10.78842336,-8.645040394,-8.284630148,-4.619125117,-3.797573545,-4.546130568,-3.657228684,-0.943703785,0.542290504,-0.262845562,-1.560352135,0
classical.00062.au,89.10290948,18,0.320224727,0.038956139,1474.803384,1813.316459,2809.941342,0.074046038,-305.3965028,135.9257374,-11.75587664,18.22289194,10.38824025,3.016726847,-5.595541904,0.145116438,-1.348897006,-1.86790534,-3.207136058,-6.740363851,-2.69286992,-5.595527212,-4.52192398,-4.783026321,-5.370309035,-2.622151002,-5.836810218,-6.928834666,0
classical.00046.au,129.1992188,37,0.346797523,0.115125246,1878.644574,1964.912008,3633.986359,0.111613082,-85.2434617,118.4288976,-31.47463609,20.28412147,-4.421110275,6.922971697,-10.95446304,-1.6243682,-7.370241464,-3.015117149,-4.433376578,-1.403674,-4.247367073,-4.168933313,-3.982021498,0.275396998,-3.393379998,1.694451292,-3.685526906,-3.439862216,0
classical.00055.au,78.30255682,40,0.186563747,0.013055688,1079.448981,1388.555898,1764.672663,0.059341289,-484.0280493,144.1766478,1.399308864,8.103261462,4.931988975,-2.322560063,-2.747426349,-6.837030231,-10.14065933,-8.057536506,-7.152664135,-10.56580843,-7.7894016,-2.957175996,-0.261427983,4.301272466,5.296612585,0.185796869,-4.530117867,-1.872410023,0
classical.00094.au,184.5703125,88,0.36900834,0.013995526,1424.013746,1696.938576,2927.307299,0.070154905,-385.7576859,128.6386626,-26.73602511,39.48350198,-2.176446092,16.76000464,-5.731489716,14.7219006,-3.092115022,12.30530222,-5.894019989,2.783779562,3.67149597,10.91880364,10.53664629,9.914707465,6.107597587,3.530101208,-3.320011466,-3.674570673,0
classical.00099.au,95.703125,45,0.3338626,0.010502625,1524.906761,1868.921918,3325.104894,0.080683186,-378.7244762,126.4941727,-18.81674729,42.88675383,-14.29465154,25.34391913,-14.64836079,18.69327272,-10.19309776,21.11294287,4.447901285,18.22638038,-10.27583101,8.955647267,1.210981394,6.280481499,2.530584141,4.389194711,1.705060991,9.986725955,0
classical.00039.au,161.4990234,73,0.270814856,0.012819476,1633.534759,1735.081241,3161.255884,0.108959281,-409.5301478,116.7989561,-16.16544211,11.70334382,0.729538152,5.984519048,-4.26159819,0.499136633,0.435511767,12.60068161,-1.107977198,-1.14716292,4.973182463,1.757982544,-3.910098594,3.505997752,2.799355368,3.101994976,0.651257172,-0.245165094,0
classical.00031.au,112.3471467,51,0.303159348,0.026815005,822.263434,1136.142253,1433.449665,0.039457433,-374.0323929,172.4689155,6.436843841,20.10563849,5.906853088,1.566088283,-6.698415484,-1.198540617,-0.279774611,0.324508653,-6.541102588,-7.307399143,-7.32657717,-10.21687772,-6.144977816,-2.427233126,-2.670047072,-2.285162229,-1.155676065,-3.814173428,0
classical.00076.au,172.265625,84,0.260483112,0.058851279,1340.270643,1538.935291,2521.98475,0.071713474,-238.5822363,149.7839367,-28.87004514,28.25925599,-0.797158128,-3.927916926,-2.143702412,-4.342735858,-4.189805535,-3.443622432,-5.770773269,-0.11647072,2.518272395,0.681765439,0.068461232,1.705275095,0.652180949,1.468414671,-1.831407314,-6.244635206,0
classical.00023.au,95.703125,43,0.267155855,0.017132366,983.6863867,1403.975606,1852.513798,0.044227246,-406.9177577,163.0825027,-2.361218713,32.38403237,7.980317461,9.600345444,-5.42017282,9.466266816,-3.042096451,10.16526555,-10.3424071,-5.423225019,-8.041794868,-2.090807471,0.399182253,3.392422502,3.502365361,7.387801223,6.448440378,0.184801096,0
classical.00073.au,129.1992188,56,0.216328362,0.043831587,1211.296335,1337.762505,2104.70394,0.070939102,-306.7527713,152.9124811,-27.59059249,16.31811187,-3.15672978,-8.933617141,-5.425213112,-9.775880615,-7.10997169,0.293280621,0.870354292,5.411912045,8.193733419,4.199891504,2.057260203,3.033074926,-0.386669589,-2.813876716,-2.90407841,1.33380327,0
classical.00040.au,117.4538352,49,0.250586452,0.019744933,1396.691239,1525.348096,2652.725626,0.072643174,-358.6338939,129.0925535,-30.40317973,19.88711482,-10.3851486,-0.650722657,-10.60776687,1.544903553,-3.974987222,1.864258513,-8.841996782,-7.168083312,-8.213491934,-5.940116839,-0.113216685,4.28034511,8.969017496,12.80198792,14.68691024,11.51135479,0
classical.00054.au,95.703125,47,0.319468121,0.175421417,1712.446076,1607.534077,2833.457866,0.116278208,-106.1917961,127.3736255,-45.29143601,31.27167434,4.311937402,-5.068769228,-16.11893166,14.68739753,-7.904389146,-1.21978008,2.990504876,17.46109006,-4.07354767,1.78177322,0.598686878,4.610257747,-9.984091888,-3.343488864,-3.099766939,1.911288078,0
classical.00069.au,69.83741554,32,0.236665804,0.02916662,1349.415928,1522.684302,2443.618557,0.079280322,-321.1968465,136.3056096,-28.31137819,31.04176082,0.560744693,0.223598153,0.656599768,-1.318524273,-0.041851052,-0.420781378,-6.193747888,-0.160919128,-0.481448584,-0.748258895,7.478552268,10.980685,7.842622,4.329039155,2.988217679,5.856143243,0
classical.00086.au,99.38401442,47,0.312157698,0.031521458,1356.373033,1494.74248,2496.726569,0.076861213,-283.4251932,159.5823982,-29.54063873,18.5522196,-9.888207447,-3.424281002,-10.99208916,-9.775556657,-8.296185178,-4.247249757,-2.861832707,-5.974322541,-4.022138521,-3.348464908,-3.386720903,-1.859289724,-0.442006038,1.898496856,-0.116115068,-2.816876771,0
classical.00058.au,143.5546875,72,0.265696528,0.029998526,1137.95424,1480.521866,1821.180654,0.081868364,-349.9776786,161.8329269,-3.369808924,14.19218625,5.775283767,3.541689495,2.978593725,-7.1058207,-7.921549581,-0.359461977,2.835887727,-2.495977798,-6.779701339,-8.832050432,-6.674717886,-4.899663099,0.100756334,4.259926519,5.100457698,2.608982327,0
classical.00082.au,117.4538352,52,0.282797433,0.042976044,1415.07921,1448.743591,2489.501613,0.08737929,-264.0368621,142.1472484,-51.36072439,5.033838757,-20.2625068,-17.1301099,-16.06824185,-20.30654412,-15.03551468,-9.732967646,-8.395368057,-11.77116553,-6.878544417,-4.600869784,-2.051570385,-2.375288367,0.964472967,3.021266883,1.377957013,5.553212225,0
classical.00004.au,161.4990234,80,0.223170801,0.042299889,1705.704611,1646.292971,3175.73913,0.112866664,-259.9099762,118.9392889,-35.6118514,31.97763632,-16.52928113,10.62212802,-15.65127709,7.435393944,-5.812290548,8.267929743,-18.01274042,-1.19683287,-6.347265455,2.761451537,-2.592573653,4.38480668,-4.136894947,-4.779474009,-4.772360214,-4.608322489,0
classical.00090.au,95.703125,45,0.215812677,0.023866184,2172.340941,1883.258566,4066.55041,0.151986231,-326.2809271,85.92119293,-42.98763851,31.84154312,-19.57250616,9.994432509,-16.45934264,10.00357189,-8.595387587,25.50846431,6.536586426,16.3986173,3.505810897,9.58815851,5.921453162,9.285932017,9.968676329,9.201811023,2.801200814,-5.379816183,0
classical.00066.au,135.9991776,68,0.187032426,0.031731356,794.9184861,1295.689452,1007.277242,0.04503223,-429.3462372,175.1542673,31.90371063,4.270010623,1.052185076,-5.770809256,-9.47931798,-11.28205717,-10.58142905,-8.662842869,-6.334779173,-1.680827171,0.820965229,-0.185078363,0.031626073,0.206131953,-1.847032737,-4.420416954,-4.973250266,-4.60422746,0
classical.00065.au,123.046875,55,0.207163261,0.02920289,828.7544423,1325.839316,1013.485538,0.047511806,-421.7212612,172.8163169,28.09436294,-2.574365603,-3.571014934,-4.860743292,-8.889903231,-10.70082692,-7.689229034,-7.963271184,-7.336991919,-2.720299242,-0.92076964,-4.212186208,-8.42082084,-8.398378171,-4.131449938,-0.419879213,0.085864876,-0.262021274,0
classical.00033.au,143.5546875,28,0.303928026,0.012362544,1128.264022,1375.873089,2165.770237,0.054393095,-429.0843039,120.7541798,-1.685719418,17.95427176,7.73696167,-2.045432003,-3.942677646,-2.536329162,-0.58306181,-0.797120992,-9.051377243,-3.685856319,-0.977725603,-4.998318783,-3.810670021,-2.414422032,-1.896630844,-0.30721912,3.41963633,3.145613901,0
classical.00016.au,99.38401442,35,0.219209088,0.008010743,1054.489587,1455.684587,1947.038227,0.047664489,-482.6776325,154.8658039,-5.028833566,29.73190532,-1.871845913,8.219090616,-4.765624394,9.654473428,-3.3304281,4.539550024,-10.09519712,-0.65576097,-2.449868246,-0.168453101,1.862222187,3.479766795,3.38882594,1.115774897,1.277016751,-0.666913992,0
classical.00092.au,95.703125,45,0.181161139,0.084155142,1807.461178,1439.026566,3071.923091,0.130958014,-299.671853,103.66907,-27.64827926,51.02044975,12.29165045,16.50796819,-10.93573346,-0.898703338,3.839399386,12.95407925,-12.39587815,2.455285017,5.183694317,-0.733193783,-0.611028901,-1.195119301,5.918663797,9.809741995,-2.667044638,-3.084350476,0
classical.00010.au,103.359375,50,0.245015087,0.029512677,1497.196639,1570.533625,2868.149323,0.08621641,-315.0127319,128.7296174,-28.92303238,30.83760347,-8.995137514,7.980528058,-9.847439162,1.450484173,-8.964623311,6.052197318,-3.320049202,7.604282769,3.793344007,2.932729822,1.838371636,5.208350571,1.074667437,0.142403654,-4.536049493,-2.303605293,0
classical.00067.au,143.5546875,22,0.267353394,0.031687785,1118.227507,1702.17492,1993.671278,0.046355351,-413.5759926,143.4252346,31.34383677,14.03133914,1.524376245,-2.291032157,-6.478890304,-8.102931184,-5.92481866,-4.462898999,-2.783361132,-0.809472789,-1.208139889,-2.380845832,-3.810326569,-3.515401558,-2.712517443,-2.385785556,0.622823741,2.667576504,0
classical.00002.au,99.38401442,49,0.277865226,0.043869056,1490.03481,1599.959102,2784.916493,0.09004972,-235.2558158,141.1281949,-34.6668532,30.97923525,-16.37793448,23.1119843,-11.03144507,7.639465976,-19.00824243,4.235648969,-11.82091579,8.909783265,-1.433871338,4.281025243,1.482140651,3.187973498,-1.309517985,2.929818444,-1.661002799,-2.896665745,0
classical.00015.au,83.35433468,37,0.216583675,0.011433194,1371.560999,1562.1589,2620.284156,0.075752376,-449.5371146,124.9554591,-19.87163109,27.51456054,-5.768756518,2.200035558,-6.57534409,10.6088656,3.365800217,14.39861542,1.991939355,5.253876047,4.415059767,5.061342917,7.178780344,6.201670162,7.162364458,3.837860835,2.601998614,4.940062901,0
classical.00070.au,161.4990234,76,0.244239298,0.031917829,1355.797918,1615.509457,2522.409747,0.070855959,-321.1835571,134.56214,-18.252364,22.19075677,0.424091914,-3.804539164,0.493068804,-1.144537723,-1.897793156,-0.103112681,-2.75549605,0.596389706,2.499061254,0.309350058,1.679268947,2.884449427,2.083111312,1.159768684,-2.39285542,-3.40899494,0
classical.00045.au,184.5703125,86,0.236279315,0.138628036,1175.77635,1502.581165,1901.213504,0.062295542,-170.8716869,157.0533363,-21.97223794,5.248212231,-4.095150954,-3.685956471,-8.814517378,-4.855915432,-7.882416364,-5.411493835,-9.368364216,-6.620591487,-7.813977218,-1.458160854,-3.597212508,-2.86274637,-3.917558162,0.20200267,-3.435176821,-0.832704438,0
classical.00050.au,107.6660156,53,0.286158732,0.007970527,1170.074748,1595.535985,2360.219061,0.049492898,-449.5955971,151.5077771,-12.74792687,44.27062033,6.2370757,4.049765919,-1.482332862,-1.619642626,-2.491078567,-4.290789405,-9.658143252,-1.339994625,0.15140475,3.733019477,5.286010908,1.205417161,-2.303857753,-4.123120889,-1.815835687,1.234528988,0
classical.00064.au,89.10290948,32,0.198925769,0.012563469,1118.108795,1944.796302,1873.613671,0.042299064,-498.7295276,145.6748914,46.519845,15.26243738,3.060985238,-0.831216993,-5.215124706,-6.201449496,-3.814042434,0.083686998,2.722812972,2.221047387,0.238987878,-0.461076472,-0.874307644,0.5857767,3.283147425,2.308997824,-2.571966932,-4.81958437,0
classical.00052.au,161.4990234,74,0.387949211,0.055504654,2411.938718,2436.355441,4994.711464,0.126970132,-186.3988596,86.65773163,-15.70733811,14.7437976,-2.216229333,6.269822618,-0.889201196,0.665299295,-6.086888072,-5.210792594,-7.860584817,-1.717162651,-4.707716858,-2.05879872,1.408477279,2.760478451,3.301349225,3.110860974,-4.410137469,-5.03804231,0
classical.00018.au,161.4990234,79,0.239078871,0.018684961,1157.889858,1320.769334,2181.978473,0.070668885,-405.6738141,145.7073105,-0.83281052,23.07400454,9.221291172,-2.649329609,-5.747466851,-2.085039849,-0.642352711,6.762438457,2.804330023,2.440666569,5.080262274,2.38739836,1.868199322,2.499295566,1.519764511,-2.263746764,-1.442390843,2.613459964,0
classical.00095.au,86.1328125,43,0.227545203,0.013565917,1800.707843,1780.942269,3426.854278,0.124357147,-422.6054908,89.83272426,-18.71768527,37.7984894,6.008159885,4.158118754,-1.981775725,12.12446459,4.167507614,13.7887695,2.82442222,5.887097545,6.128175064,8.144629006,12.35758798,7.093214533,2.414364494,0.784178492,-3.421368433,-0.746098513,0
classical.00012.au,95.703125,36,0.235657963,0.031418923,1179.908654,1332.076043,2153.69531,0.065938755,-362.7068034,143.9500168,-18.97873594,30.64839801,1.051361971,0.268699895,-7.971798926,-3.868974802,-8.924187564,3.246232282,-4.449105909,3.633874772,4.931776441,3.279899742,6.371131919,6.072489767,3.846664116,-0.252130442,1.159938735,1.792781879,0
classical.00032.au,103.359375,48,0.283133883,0.008045236,792.8999211,1205.27047,1207.567698,0.036581789,-498.5841137,177.5199162,11.20583976,27.64554473,-2.833987372,5.101153023,-6.605435121,-1.060355181,-4.152252699,-3.053446288,-9.906495011,-8.56630222,-9.185145327,-11.93079221,-9.190084174,-10.89735641,-8.853785054,-3.932598268,-2.391122392,-2.302706485,0
classical.00088.au,103.359375,45,0.294134905,0.028241822,1302.662455,1455.251726,2347.185807,0.070536233,-299.7755313,157.3368585,-37.35420931,15.77100838,-5.749817013,-4.457769194,-6.815905376,-10.73725208,-9.883400015,-8.15330098,-5.417673363,-7.837649527,-2.732071342,-1.108235978,1.650344321,3.642178749,3.084368613,0.109204952,-0.795171759,-2.738004782,0
classical.00026.au,161.4990234,79,0.245645579,0.038903285,1278.601087,1311.814973,2233.269829,0.081748183,-319.3309734,143.6587606,-31.16957384,10.91503181,-5.536344023,-4.259856073,-8.934058354,-5.589971741,-8.016283534,2.333270686,-4.469379625,-0.329832967,0.964388371,1.14235525,-0.47774941,-1.317324177,0.151645333,1.50490048,3.704420031,3.060905994,0
classical.00029.au,135.9991776,58,0.246935361,0.041608013,1558.813953,1578.563682,2922.065664,0.09221524,-297.2197476,130.2805886,-30.58888955,27.49037283,-7.059620568,1.99033595,-11.12716156,4.754548283,-8.772728106,5.419722002,-5.373447685,4.469510431,1.731519258,1.88813674,-1.310469078,1.090912064,-0.989501508,-1.464829885,0.635971409,1.159915627,0
classical.00030.au,117.4538352,53,0.278348916,0.02973626,1243.718021,1358.625381,2353.127438,0.063724482,-315.6496456,149.6717028,-30.59815163,23.22397625,-8.70046426,-10.10547852,-15.73475205,-4.045699298,-7.658757106,0.046664279,-11.14192527,-7.668728817,-5.870953867,-4.8573936,-5.141024189,-5.416103603,-3.173172336,1.45092521,0.128026327,-4.178902784,0
classical.00021.au,135.9991776,67,0.266760217,0.045469102,1371.283566,1440.791445,2570.001126,0.07956679,-278.2118714,147.8877494,-31.57806988,20.36562584,-9.584999369,-6.243183457,-13.607878,-0.664353526,-7.273588579,1.024137846,-11.75458364,-0.964953371,-2.221944101,-0.574204163,1.875123347,5.1497116,2.630448074,0.821937271,-1.647067767,-0.104044566,0
classical.00085.au,107.6660156,52,0.309652754,0.0388886,1525.619293,1588.175467,2732.975141,0.091587882,-246.1896272,149.4477375,-41.97700385,11.61573165,-10.28599099,-4.013753011,-7.13934733,-10.13402996,-9.423483621,-7.170180701,-3.150281778,-5.630423799,-2.579881386,-4.521074936,-6.165346046,-4.970549888,-3.346553458,-3.345275849,-0.672825416,0.221499452,0
classical.00053.au,215.3320313,95,0.304577593,0.139884323,1465.481886,1554.510617,2749.191709,0.087918969,-119.2903458,149.5882614,-43.33437349,24.63939919,-5.615125831,10.78639021,-2.899428113,0.787197091,-6.547196391,4.396779426,-1.292800128,1.365430505,-1.08114163,-2.435240651,-1.937584992,1.29807274,-1.381196879,1.044973134,-5.602966024,-1.986242643,0
classical.00011.au,151.9990809,57,0.243056368,0.021505473,949.460832,1112.245413,1695.881412,0.060726012,-385.2468575,177.2567904,-9.32169693,24.37734064,5.83310778,-4.560812235,-6.349944307,-6.98205993,-4.130705979,3.851764771,-0.355619852,-0.934136338,-3.65864696,-2.104559199,3.646539913,0.722249046,-1.226298239,-0.747415878,2.795864864,1.5541773,0
classical.00060.au,123.046875,57,0.305244371,0.068768859,1803.621756,1898.059829,3366.512976,0.104016378,-166.4064921,122.1282319,-32.10651207,16.68876173,-5.39815142,-2.480009174,-9.827961,-4.900783275,-6.977220586,-4.570064203,-6.660296729,-5.492583967,-5.374863813,-4.963047159,-2.79145972,-3.193163552,-4.082942699,-3.54599576,-4.631451621,-1.172830404,0
classical.00003.au,71.77734375,30,0.234236042,0.02944977,1526.647067,1499.532617,2915.974034,0.108951722,-326.8648358,127.3913095,-30.59609567,37.46880149,-5.29610262,20.81087142,-1.778644082,-4.604763389,-4.054472673,5.228941576,-0.645898281,2.807639089,7.252175827,3.98063896,-2.389035482,1.490968263,0.583444169,-0.610586777,2.334468556,2.649742284,0
classical.00007.au,215.3320313,106,0.276529211,0.040873736,1358.918358,1516.208523,2667.900534,0.07314695,-286.838421,135.9194447,-24.43711591,36.64864361,-6.234456424,6.954075525,-8.162779019,3.839327856,-4.390524448,6.429920696,-4.123742178,1.543668155,-4.346956916,-3.018977406,-0.005314098,5.652413319,3.437009944,2.830976581,1.097174449,-0.294304202,0
classical.00049.au,103.359375,53,0.311586873,0.123812079,2224.870164,2274.309912,4467.431319,0.109446428,-98.32329268,98.35693256,-20.49176243,18.81813842,-2.096720558,2.66357034,-7.309946601,-3.58692804,-7.98606512,-1.916309115,-4.727486672,0.627075774,-2.591273011,-1.470525182,-3.170649914,0.657625906,-4.816374339,-2.21776159,-3.808979769,0.233789431,0
classical.00057.au,107.6660156,44,0.253792937,0.016777493,1751.271417,1929.810758,3235.663768,0.095257927,-367.167175,112.8434629,-18.75544018,10.1684117,-1.61024952,3.807522058,0.919349335,5.065091952,-5.365445405,-9.519146608,-8.492281807,-1.784953225,1.298791609,-3.868345564,-2.63781276,-1.05349027,-1.271523553,-2.503537285,-2.572472372,-4.062232258,0
classical.00048.au,172.265625,86,0.29654677,0.160943836,1515.562085,1642.201168,2770.916578,0.087271581,-123.8138903,148.4859407,-21.53865665,17.44088151,-1.427724087,4.17846452,-6.992981419,-5.081175359,-5.793177926,5.041861208,-6.246159343,-1.972754861,-0.971060913,-2.452157662,-4.320482793,-0.865963435,-4.714952996,-2.229833311,-5.132430279,-3.215063663,0
classical.00063.au,95.703125,46,0.226774792,0.020157427,690.0759016,1357.993036,749.0621372,0.036054204,-465.8814244,180.226275,56.66609011,11.02066615,5.836132599,0.733154211,-3.96780048,-5.889532014,-8.465918062,-9.788876424,-7.695054782,-3.257702825,-1.862362475,-4.015224927,-4.108050426,-2.473332007,-2.356454967,-2.989890772,-3.218618833,-1.708300169,0
classical.00080.au,143.5546875,69,0.43790937,0.005275614,972.0335267,1615.116867,1907.413466,0.031537602,-549.7889976,157.084783,6.571024231,34.43964842,13.27748618,5.7458854,5.060513136,-3.009928482,2.060724786,3.07612631,2.013797276,3.240881729,5.669565652,5.704830428,3.638743951,4.090256949,4.329780922,3.35739,2.622762059,1.662479769,0
classical.00038.au,151.9990809,59,0.294410143,0.044319287,1279.041661,1339.072399,2376.660629,0.075835898,-276.0433564,146.3716199,-36.57127502,24.18774252,-2.539282357,-2.177395334,-13.29306856,-6.525786508,-9.394073043,-3.12077359,-11.53156937,-4.190681573,-1.677290618,-1.520686849,-3.197953662,-1.768453697,-2.238900607,-3.524319039,-2.994682678,-3.303548505,0
classical.00005.au,143.5546875,66,0.268581567,0.043271575,1431.427561,1558.388149,2836.657847,0.075238774,-264.2473494,138.148906,-30.09456457,37.8155911,-7.173773575,6.776307495,-11.79850388,4.71285002,-9.830425314,5.84923284,-9.574090494,2.667866142,-4.791534893,-1.404991902,-2.094341783,2.984207994,3.361477533,4.814610205,1.761761888,-1.826767152,0
classical.00042.au,198.7680288,96,0.261728171,0.134665444,1327.314425,1326.718843,2172.570196,0.093852796,-160.3159575,164.1304235,-48.88659064,1.594527284,-7.591125361,-2.62572443,-11.07649181,-7.024642288,-8.119808075,1.2334967,-5.495746043,-4.220363995,-5.457256119,-1.710065982,-3.092174183,-1.292397156,-6.099581263,-0.928016344,-4.045847533,-1.557732156,0
classical.00068.au,83.35433468,40,0.257274684,0.05739738,1559.721852,1615.769538,2812.832991,0.095202372,-234.3976774,130.2687658,-39.54861722,19.33803306,-6.797016857,-5.126454677,-3.709482235,-4.035499861,-5.070611954,-1.367525466,-7.736359292,-4.381911511,0.465239999,0.785137366,5.458493945,8.777550079,7.040208432,2.416228707,-2.306312413,-0.242262315,0
classical.00075.au,117.4538352,47,0.217421432,0.016483212,1171.718503,1466.931645,2235.903146,0.060884741,-412.9378214,138.5332065,-19.26767668,34.15322364,8.963805178,-4.296085383,4.162109456,0.88612371,3.075768429,0.10753542,-4.061129351,3.789273517,5.924253616,3.491832785,6.626801517,6.746299202,2.471471494,-1.881159771,-0.062472207,2.724356132,0
classical.00051.au,135.9991776,40,0.381394246,0.080538675,1527.629816,2079.663702,3220.847191,0.060105079,-230.2445377,119.1512896,-1.050998565,28.38791656,10.0087106,16.12883606,4.791749137,6.190907206,0.947356483,5.912571733,-1.178274507,3.573959687,-2.100357402,-0.905366585,-1.850414401,-0.001898243,-2.796700298,2.336202982,-1.440900182,2.739942034,0
classical.00013.au,129.1992188,60,0.232114129,0.031741571,1388.034995,1456.184587,2598.750952,0.080889534,-343.11034,140.1042372,-20.91519483,32.33650833,-3.688877605,2.937928061,-10.67270864,0.316627782,-5.786782424,7.689375084,-3.672480039,2.562069261,-3.498306345,-2.245538892,-0.837853865,0.887983257,0.482037592,0.947071094,1.864163765,-0.637870131,0
classical.00001.au,112.3471467,56,0.2150638,0.030627836,1360.408354,1441.143831,2387.218898,0.087771578,-324.0587687,133.6100442,-25.03110001,24.56755496,-11.93368819,17.66252806,-5.530694557,1.716686726,-10.56964116,-0.845978303,-7.798112436,3.522399504,5.041735245,1.36183358,3.003346005,-3.12486311,-4.291533668,0.591217509,2.871973424,0.36627083,0
classical.00014.au,143.5546875,66,0.234085778,0.031621873,1279.614578,1370.57412,2389.502218,0.068473131,-324.5961669,147.8146841,-31.92285681,27.39476096,-4.490214118,-4.173857287,-12.57778444,-5.133749563,-7.733083877,0.834527318,-8.187136492,-0.830245734,1.007083808,3.666312726,6.204835475,4.706806474,-0.047575241,-2.340403291,2.23220478,-0.550190556,0
classical.00074.au,161.4990234,79,0.237426219,0.037299454,1359.905307,1572.452917,2568.617801,0.072116722,-289.7986052,143.9093189,-26.99605421,24.07006033,-1.147743076,-6.297492762,-2.745308254,-3.528567912,-3.021367254,-3.146630958,-7.257053492,-1.684358968,3.078969826,2.686264453,2.535048614,4.614130023,2.376673644,-1.273050825,-3.541757726,-2.806386568,0
classical.00093.au,135.9991776,67,0.226947912,0.082526974,1623.859388,1551.627434,2732.316811,0.108258227,-207.3462799,117.6016858,-41.39534417,13.24882142,-1.677715359,15.51396657,-10.35603377,-1.870503834,-12.74604702,7.013280777,-0.772161412,2.063638647,-8.267795129,-1.469822813,-7.08292063,0.935701161,-5.540827594,-8.498916692,-1.48604412,5.382281589,0
classical.00009.au,234.9076705,117,0.270478239,0.023797711,1216.293762,1582.801551,2560.259518,0.056270257,-356.1422005,139.8057898,-6.27847651,43.17628812,-8.859080611,11.04257684,-8.373957265,4.415755272,-8.290997998,8.676969766,-8.138158064,3.42429329,-1.43833444,-0.419472501,-1.726718752,-0.283631468,-0.65353769,1.16054823,-0.624840824,-0.257531581,0
classical.00034.au,123.046875,57,0.27404574,0.038926434,1369.627553,1465.90437,2655.117278,0.07356796,-309.2263854,138.6490755,-29.71116245,33.62006857,-0.366601617,5.239733522,-6.327446329,3.26768068,-6.717177367,-0.696607718,-13.24336548,-8.522910968,-9.665677825,-4.2991508,0.254182352,1.025886788,1.905871144,3.718264061,2.555920013,-4.928795226,0
classical.00022.au,107.6660156,40,0.276292326,0.047907226,1211.199952,1367.098873,2237.361471,0.068446298,-278.7496955,160.025502,-28.40550336,23.06528635,-2.695341914,3.014485348,-11.29186955,-0.508197781,-11.3593992,3.179764118,-5.102967633,4.338497918,-4.077256886,-0.160675446,-1.67059686,1.642599852,0.999606399,-0.761482635,-3.834271258,-3.553058856,0
classical.00087.au,123.046875,52,0.274433506,0.021447383,876.8756126,1108.440322,1457.207855,0.051046555,-393.0083503,190.791967,-13.3279667,8.270543015,1.545572899,-11.07833613,-11.24577083,-14.00335755,-10.6188723,-9.392918237,-4.614812279,-10.06830981,-4.813955445,-1.749296706,-4.676028424,-2.128495493,1.019438916,1.304684975,-0.15830985,-1.414171285,0
classical.00077.au,161.4990234,76,0.219015447,0.016757213,811.6796467,1008.655016,1236.067526,0.048344757,-477.9684051,155.3398933,12.76250684,5.520710049,2.388046934,-10.64541645,-16.63592907,-12.53544905,-11.18464027,-9.376080024,-3.217064722,-2.766592445,-6.466333216,-8.296724136,-7.092608385,-7.475465683,-5.325729923,1.261013252,1.874983459,-1.657999187,0
classical.00059.au,117.4538352,56,0.282586724,0.069164112,1551.647144,1651.379206,2841.574484,0.093299511,-197.1315366,137.3726506,-34.19014889,25.36375773,-5.278909202,-2.775008141,-9.495563111,-7.604076476,-7.64976863,-5.663428257,-4.382352252,-5.433878918,-3.544795253,-5.6697367,-1.889413477,-2.885263957,-3.482324828,-4.024889901,-7.294774223,-4.200939909,0
classical.00027.au,135.9991776,68,0.240704898,0.02841945,901.8344805,1171.915796,1456.666192,0.053449412,-366.2202035,181.6006394,-5.524955035,27.00150983,-4.81776196,4.613731761,-10.52735266,0.163987134,-11.13435282,3.583682451,-10.33113327,-1.081936113,-4.599207293,-0.48440368,0.838412813,0.247920416,2.131202566,0.704445449,1.029193796,-3.06196477,0
classical.00020.au,143.5546875,69,0.269064543,0.038438499,1218.290508,1353.616224,2295.177788,0.069812881,-300.9376968,161.1111541,-24.24414177,27.96508364,-2.844829759,2.36566311,-11.24868468,0.212808053,-6.822385966,6.087223511,-8.132076265,-1.808325039,-4.104601749,-2.045668226,-1.59643732,0.646647857,1.454413713,-0.221094165,-1.292083986,-7.10052662,0
classical.00072.au,117.4538352,57,0.27942064,0.020731511,1284.921775,1659.622614,2476.568358,0.063749803,-360.8217688,138.9993019,-12.93926559,33.80576106,7.586083992,-1.716115329,1.036665518,4.07786455,3.933508006,0.931713081,0.504210195,4.684600499,3.34318702,-2.251255368,-1.852867714,2.215029386,1.784787661,-1.519674199,-3.253520815,3.998949629,0
classical.00061.au,151.9990809,76,0.281669837,0.048188843,1322.026416,1590.233329,2473.626709,0.076126146,-274.4268579,148.3744981,-20.32708837,21.80308525,7.95062795,3.786244628,-2.229539912,-6.097595412,-5.630470015,-6.69599763,-5.915318911,-4.592367878,-1.540610218,-3.028736671,-4.697144687,-7.715004679,-7.212517446,-5.410751474,-5.246985162,-5.270150185,0
classical.00008.au,135.9991776,67,0.254773571,0.034038126,1516.626219,1629.500705,2973.782018,0.078787883,-292.1283002,127.7690458,-29.90104067,37.43018763,-9.54702436,5.113703381,-13.81169462,7.026101016,-7.030174616,6.489696899,-9.906080985,4.709106593,0.377205969,1.464333442,3.393673842,6.076537648,0.963428929,-0.753660246,-2.10531229,0.755132392,0
classical.00084.au,112.3471467,25,0.245490778,0.021982316,1001.400439,1151.028078,1731.722862,0.057948251,-369.1842241,171.9869967,-27.29870309,6.032783216,-0.122546169,-10.67432072,-11.91414387,-10.19211282,-11.3589704,-10.50435435,-8.370093351,-9.797994716,-5.051084255,-5.084385971,-3.038441862,-1.718458475,-1.84909021,-2.257478454,-1.273306751,-0.441167255,0
